source_id,source_name,url,title,subdomain,data_type,language_type,file_type,access_date,license_note,status
DIAB_001,Health Information Translations,https://storage.googleapis.com/healthinfotranslations-pdfdocs/Diabetes_NEPALI.pdf,Diabetes,diabetes,bilingual_pdf,en-ne,pdf,2026-05-18,personal_noncommercial_use_only_verify_before_redistribution,downloaded
DIAB_002,Health Information Translations,https://storage.googleapis.com/healthinfotranslations-pdfdocs/DiabetesWoundHealing_NEPALI.pdf,Diabetes and Wound Healing,diabetes,bilingual_pdf,en-ne,pdf,2026-05-18,personal_noncommercial_use_only_verify_before_redistribution,downloaded
DIAB_003,Health Information Translations,https://storage.googleapis.com/healthinfotranslations-pdfdocs/FastingBloodSugar_NE.pdf,Fasting Blood Sugar Test,diabetes_testing,bilingual_pdf,en-ne,pdf,2026-05-18,personal_noncommercial_use_only_verify_before_redistribution,downloaded
DIAB_004,Health Information Translations,https://storage.googleapis.com/healthinfotranslations-pdfdocs/GlucoseMeter_NEPALI.pdf,How to Use a Glucose Meter,diabetes_testing,bilingual_pdf,en-ne,pdf,2026-05-18,personal_noncommercial_use_only_verify_before_redistribution,downloaded
DIAB_005,Health Information Translations,https://storage.googleapis.com/healthinfotranslations-pdfdocs/HighBloodSugar_NEPALI.pdf,High Blood Sugar,diabetes_complications,bilingual_pdf,en-ne,pdf,2026-05-18,personal_noncommercial_use_only_verify_before_redistribution,downloaded
DIAB_006,Health Information Translations,https://storage.googleapis.com/healthinfotranslations-pdfdocs/DrawingUpOneInsulin_NEPALI.pdf,Drawing Up One Insulin,diabetes_medicines,bilingual_pdf,en-ne,pdf,2026-05-18,personal_noncommercial_use_only_verify_before_redistribution,downloaded
DIAB_007,Health Information Translations,https://storage.googleapis.com/healthinfotranslations-pdfdocs/HowUseInsulinPen_NEPALI.pdf,How to Use an Insulin Pen,diabetes_medicines,bilingual_pdf,en-ne,pdf,2026-05-18,personal_noncommercial_use_only_verify_before_redistribution,downloaded
DIAB_008,Health Information Translations,https://storage.googleapis.com/healthinfotranslations-pdfdocs/MixingTwoInsulins_NEPALI.pdf,Mixing Two Insulins,diabetes_medicines,bilingual_pdf,en-ne,pdf,2026-05-18,personal_noncommercial_use_only_verify_before_redistribution,downloaded
DIAB_009,Health Information Translations,https://storage.googleapis.com/healthinfotranslations-pdfdocs/DiabetesEyeProblems_NEPALI.pdf,Diabetes and Eye Problems,diabetic_eye_problems,bilingual_pdf,en-ne,pdf,2026-05-18,personal_noncommercial_use_only_verify_before_redistribution,downloaded
DIAB_010,Health Information Translations,https://storage.googleapis.com/healthinfotranslations-pdfdocs/DiabeticRetinopathy_NEPALI.pdf,Diabetic Retinopathy,diabetic_eye_problems,bilingual_pdf,en-ne,pdf,2026-05-18,personal_noncommercial_use_only_verify_before_redistribution,downloaded
DIAB_011,Health Information Translations,https://storage.googleapis.com/healthinfotranslations-pdfdocs/DiabetesKidneyProblems_NEPALI.pdf,Diabetes and Kidney Problems,diabetic_kidney_problems,bilingual_pdf,en-ne,pdf,2026-05-18,personal_noncommercial_use_only_verify_before_redistribution,downloaded
DIAB_012,Health Information Translations,https://storage.googleapis.com/healthinfotranslations-pdfdocs/DiabetesNerveDamage_NEPALI.pdf,Diabetes and Nerve Damage,diabetic_nerve_problems,bilingual_pdf,en-ne,pdf,2026-05-18,personal_noncommercial_use_only_verify_before_redistribution,downloaded
ASTH_001,Health Information Translations,https://storage.googleapis.com/healthinfotranslations-pdfdocs/Asthma_NEP.pdf,Asthma,asthma,bilingual_pdf,en-ne,pdf,2026-05-18,personal_noncommercial_use_only_verify_before_redistribution,downloaded
ASTH_002,Health Information Translations,https://storage.googleapis.com/healthinfotranslations-pdfdocs/NebulizerTreatments_NEPALI.pdf,Nebulizer Treatments,asthma,bilingual_pdf,en-ne,pdf,2026-05-18,personal_noncommercial_use_only_verify_before_redistribution,downloaded
ASTH_003,Health Information Translations,https://storage.googleapis.com/healthinfotranslations-pdfdocs/PeakFlowMeter_Nep.pdf,Peak Flow Meter,asthma,bilingual_pdf,en-ne,pdf,2026-05-18,personal_noncommercial_use_only_verify_before_redistribution,downloaded
BF_001,Health Information Translations,https://storage.googleapis.com/healthinfotranslations-pdfdocs/BreastfeedingBasics_NEPALI.pdf,Breastfeeding Basics,breastfeeding,bilingual_pdf,en-ne,pdf,2026-05-18,personal_noncommercial_use_only_verify_before_redistribution,downloaded
BF_002,Health Information Translations,https://storage.googleapis.com/healthinfotranslations-pdfdocs/BreastfeedingProblems_NEPALI.pdf,Breastfeeding Problems,breastfeeding,bilingual_pdf,en-ne,pdf,2026-05-18,personal_noncommercial_use_only_verify_before_redistribution,downloaded
BF_003,Health Information Translations,https://storage.googleapis.com/healthinfotranslations-pdfdocs/Getting_Started_Breastfeeding_NEPALI.pdf,Getting Started Breastfeeding Your Baby,breastfeeding,bilingual_pdf,en-ne,pdf,2026-05-18,personal_noncommercial_use_only_verify_before_redistribution,downloaded
BF_004,Health Information Translations,https://storage.googleapis.com/healthinfotranslations-pdfdocs/Pumping_Storing_Breast_Milk_NEPALI.pdf,Pumping and Storing Breast Milk,breastfeeding,bilingual_pdf,en-ne,pdf,2026-05-18,personal_noncommercial_use_only_verify_before_redistribution,downloaded
CB_001,Health Information Translations,https://storage.googleapis.com/healthinfotranslations-pdfdocs/SignsLabor_Nepali.pdf,Know the Signs of Labor,childbirth,bilingual_pdf,en-ne,pdf,2026-05-18,personal_noncommercial_use_only_verify_before_redistribution,downloaded
CB_002,Health Information Translations,https://storage.googleapis.com/healthinfotranslations-pdfdocs/StagesLabor_NEPALI.pdf,Stages of Labor,childbirth,bilingual_pdf,en-ne,pdf,2026-05-18,personal_noncommercial_use_only_verify_before_redistribution,downloaded
CB_003,Health Information Translations,https://storage.googleapis.com/healthinfotranslations-pdfdocs/CesareanBirth_NE.pdf,Your Recovery After Cesarean Birth,childbirth,bilingual_pdf,en-ne,pdf,2026-05-18,personal_noncommercial_use_only_verify_before_redistribution,downloaded
CB_004,Health Information Translations,https://storage.googleapis.com/healthinfotranslations-pdfdocs/RecoveryVaginalBirth_NEPALI.pdf,Your Recovery After Vaginal Birth,childbirth,bilingual_pdf,en-ne,pdf,2026-05-18,personal_noncommercial_use_only_verify_before_redistribution,downloaded
CANC_001,Health Information Translations,https://storage.googleapis.com/healthinfotranslations-pdfdocs/Chemotherapy_Nepali.pdf,Cancer Chemotherapy,cancer_treatment,bilingual_pdf,en-ne,pdf,2026-05-18,personal_noncommercial_use_only_verify_before_redistribution,downloaded
CANC_002,Health Information Translations,https://storage.googleapis.com/healthinfotranslations-pdfdocs/NauseaVomitingCancer_NEPALI.pdf,Nausea and Vomiting with Cancer Treatment,cancer_treatment,bilingual_pdf,en-ne,pdf,2026-05-18,personal_noncommercial_use_only_verify_before_redistribution,downloaded
CANC_003,Health Information Translations,https://storage.googleapis.com/healthinfotranslations-pdfdocs/PreventingInfectionsWBC_Nepali.pdf,Preventing Infections When Your White Blood Cell Count is Low,cancer_treatment,bilingual_pdf,en-ne,pdf,2026-05-18,personal_noncommercial_use_only_verify_before_redistribution,downloaded
FLU_001,Health Information Translations,https://storage.googleapis.com/healthinfotranslations-pdfdocs/HomeCarePanFlu_Nepali.pdf,Home Care for Pandemic Flu,flu,bilingual_pdf,en-ne,pdf,2026-05-18,personal_noncommercial_use_only_verify_before_redistribution,downloaded
FLU_002,Health Information Translations,https://storage.googleapis.com/healthinfotranslations-pdfdocs/PanFlu_Nepali.pdf,Pandemic Flu What It Is and How to Prepare,flu,bilingual_pdf,en-ne,pdf,2026-05-18,personal_noncommercial_use_only_verify_before_redistribution,downloaded
MED_001,Health Information Translations,https://storage.googleapis.com/healthinfotranslations-pdfdocs/GenericBrandMedicines_NEPALI.pdf,Generic and Brand Name Medicines,medicines,bilingual_pdf,en-ne,pdf,2026-05-18,personal_noncommercial_use_only_verify_before_redistribution,downloaded
MED_002,Health Information Translations,https://storage.googleapis.com/healthinfotranslations-pdfdocs/GivingMedSubcu_Nepali.pdf,Giving Medicine by Injection Under the Skin,medicines,bilingual_pdf,en-ne,pdf,2026-05-18,personal_noncommercial_use_only_verify_before_redistribution,downloaded
MED_003,Health Information Translations,https://storage.googleapis.com/healthinfotranslations-pdfdocs/SubcuInjectionSites_Nepali.pdf,Under the Skin Subcutaneous Injection Sites,medicines,bilingual_pdf,en-ne,pdf,2026-05-18,personal_noncommercial_use_only_verify_before_redistribution,downloaded
MED_004,Health Information Translations,https://storage.googleapis.com/healthinfotranslations-pdfdocs/UsingMedicineSpoonDropper_NEPALI.pdf,Using a Medicine Spoon or Dropper,medicines,bilingual_pdf,en-ne,pdf,2026-05-18,personal_noncommercial_use_only_verify_before_redistribution,downloaded
